id,Aluno
0,aluno0
1,aluno1
2,aluno2
3,aluno3
4,aluno4
5,aluno5
6,aluno6
7,aluno7
8,aluno8
9,aluno9
10,aluno10
11,aluno11
12,aluno12
13,aluno13
14,aluno14
15,aluno15
16,aluno16
17,aluno17
18,aluno18
19,aluno19
20,aluno20
21,aluno21
22,aluno22
23,aluno23
24,aluno24
25,aluno25
26,aluno26
27,aluno27
28,aluno28
29,aluno29
30,aluno30
31,aluno31
32,aluno32
33,aluno33
34,aluno34
35,aluno35
36,aluno36
37,aluno37
38,aluno38
39,aluno39
40,aluno40
41,aluno41
42,aluno42
43,aluno43
44,aluno44
45,aluno45
46,aluno46
47,aluno47
48,aluno48
49,aluno49
50,aluno50
51,aluno51
52,aluno52
53,aluno53
54,aluno54
55,aluno55
56,aluno56
57,aluno57